Name,Team,G,PA,HR,R,RBI,SB,BB%,K%,ISO,BABIP,AVG,OBP,SLG,wOBA,xwOBA,wRC+,BsR,Off,Def,WAR,NameASCII,PlayerId,MLBAMID
"Aaron Judge","NYY",155,678,52,128,114,9,0.187315634,0.30678466,0.343173432,0.356643356,0.284132841,0.421828908,0.627306273,0.430184422851145,0.45,173.81664358316738,-1.1583866532891989,60.59046016589479,4.919203281402588,8.746945820572662,"Aaron Judge",15640,592450
"Jose Altuve","HOU",153,662,24,112,81,32,0.087613293,0.126888217,0.201694916,0.37037037,0.345762711,0.409984871,0.547457627,0.4050184821647714,0.36,159.64068041446606,5.439596256706864,54.15265972768834,1.3281673789024353,7.696256365604423,"Jose Altuve",5417,514888
"José Ramírez","CLE",152,645,29,107,83,17,0.080620155,0.106976744,0.264957265,0.319105691,0.317948717,0.37364341,0.582905982,0.3964889530092478,0.36,146.3522184493424,3.5638841637410223,40.451034242870975,8.501009464263916,6.99063024714404,"Jose Ramirez",13510,608070
"Kris Bryant","CHC",151,665,29,111,73,7,0.142857142,0.192481203,0.242258652,0.334170854,0.295081967,0.409022556,0.537340619,0.3991411538738193,0.376,146.5762830238972,4.3558080438524485,44.16500923499448,3.145692229270935,6.9872014609366015,"Kris Bryant",15429,592178
"Mike Trout","LAA",114,507,33,92,72,22,0.185404339,0.177514792,0.323383084,0.318021201,0.305970149,0.441814595,0.629353233,0.4369006416177362,0.425,180.49388600567576,3.6851615477353334,54.037044629643084,-2.8118377327919006,6.76358727782859,"Mike Trout",10155,545361
"Giancarlo Stanton","MIA",159,692,59,123,132,2,0.122832369,0.235549132,0.350083752,0.288359788,0.281407035,0.375722543,0.631490787,0.4104566109724705,0.403,158.09080000886834,-3.64052470959723,48.026141863866705,-7.860481679439545,6.368592434609939,"Giancarlo Stanton",4949,519317
"Joey Votto","CIN",162,707,36,106,100,5,0.189533239,0.117397454,0.257602862,0.320627802,0.320214669,0.454031117,0.577817531,0.42821576085153107,0.416,163.10797553052072,-7.4113830188289285,49.93428985811549,-11.906788427382708,6.207184478716714,"Joey Votto",4314,458015
"Brian Dozier","MIN",152,705,34,106,93,16,0.110638297,0.2,0.226904376,0.299549549,0.270664505,0.358865248,0.497568881,0.3618832151265615,0.342,125.89454018503977,0.3330107028596103,22.856837756367447,14.628865718841553,6.046505148336565,"Brian Dozier",9810,572821
"Anthony Rendon","WSN",147,605,25,81,100,7,0.138842975,0.13553719,0.232283464,0.314496314,0.301181102,0.403305785,0.533464566,0.39411276399790746,0.369,140.90132229658974,1.1344208675436676,32.93900446171517,5.589108467102051,5.907519274899889,"Anthony Rendon",12861,543685
"Tommy Pham","STL",128,530,23,95,73,25,0.133962264,0.220754716,0.213963964,0.368078175,0.306306306,0.410984848,0.52027027,0.39810908980893367,0.377,148.8850885101247,4.94759648386389,38.24798237075909,1.9022598266601562,5.811986678258923,"Tommy Pham",2967,502054
"Francisco Lindor","CLE",159,723,33,99,89,15,0.082987551,0.128630705,0.231950845,0.274621212,0.273425499,0.337047353,0.505376344,0.3526813645711106,0.357,116.38912299518462,3.994463640730828,18.614177589251373,15.82974910736084,5.802891632778666,"Francisco Lindor",12916,596019
"Nolan Arenado","COL",159,680,37,100,130,3,0.09117647,0.155882352,0.277227722,0.319829424,0.308580858,0.373156342,0.58580858,0.3952016020569566,0.366,129.58259833156023,-1.4313440690748394,24.423517700229475,9.974429607391357,5.753435808430732,"Nolan Arenado",9777,571448
"Marcell Ozuna","MIA",159,679,37,93,124,1,0.094256259,0.212076583,0.236541599,0.354838709,0.311582381,0.375552282,0.54812398,0.38793820769698534,0.364,143.30575003826942,-4.0848222160711884,33.70826152703606,0.6003193855285645,5.7411151187254665,"Marcell Ozuna",10324,542303
"Justin Turner","LAD",130,543,21,72,71,7,0.108655616,0.103130755,0.207877462,0.325581395,0.321663019,0.415129151,0.529540481,0.39956292659876735,0.399,150.73835433872154,-0.9215722219087183,34.48902059160266,3.4523085355758667,5.63668406177538,"Justin Turner",5235,457759
"Charlie Blackmon","COL",159,725,37,137,104,14,0.089655172,0.186206896,0.270186336,0.370526315,0.330745341,0.398891966,0.600931677,0.414420904484571,0.372,142.20153686445715,0.6279882513917983,39.95249322794462,-10.983334302902222,5.3673139987348675,"Charlie Blackmon",7859,453568
"Paul Goldschmidt","ARI",155,665,36,117,120,18,0.141353383,0.221052631,0.265232975,0.343007915,0.297491039,0.403614457,0.562724014,0.4004370406706271,0.397,142.17934056802204,1.580529423430562,37.631621218809926,-6.842258930206299,5.342890509035998,"Paul Goldschmidt",9218,502671
"Corey Seager","LAD",145,613,22,85,77,4,0.109298531,0.213703099,0.183673469,0.352185089,0.294990723,0.375203915,0.478664192,0.36389588995983724,0.383,127.32022328571493,0.6808324242010713,22.20576053731622,7.181566596031189,5.025179845482735,"Corey Seager",13624,608369
"Lorenzo Cain","KCR",155,645,15,86,49,26,0.08372093,0.155038759,0.140410959,0.33970276,0.299657534,0.362790697,0.440068493,0.34671243136713964,0.348,114.53246544854939,7.309701845981181,18.874654979912933,9.922399878501892,4.984674885595243,"Lorenzo Cain",9077,456715
"Buster Posey","SFG",140,568,12,62,67,6,0.107394366,0.116197183,0.141700405,0.346793349,0.319838056,0.399647887,0.461538461,0.3655566185444325,0.345,128.29811277961264,-1.964998360723257,18.693692627121074,11.426526308059692,4.9439355358456964,"Buster Posey",9166,457763
"Travis Shaw","MIL",144,606,31,84,101,10,0.0990099,0.227722772,0.239776952,0.311827956,0.2732342,0.34876033,0.513011152,0.3608424414776402,0.328,120.13586842805995,0.32135417638346553,16.004745528539974,12.38817024230957,4.902225009189928,"Travis Shaw",11982,543768
"Mookie Betts","BOS",153,712,24,101,102,26,0.108146067,0.110955056,0.194267516,0.267924528,0.26433121,0.344101123,0.458598726,0.338943007830027,0.34,106.63638950269767,8.16688590683043,13.996727102544984,10.475668907165527,4.774328903148112,"Mookie Betts",13611,605141
"Andrelton Simmons","LAA",158,647,14,77,69,19,0.072642967,0.103554868,0.142614601,0.290697674,0.27843803,0.330757341,0.421052631,0.322746795885714,0.307,102.41603013470268,2.2536505460739136,4.182291972437398,22.275207042694092,4.7583964145858415,"Andrelton Simmons",10847,592743
"Alex Bregman","HOU",155,626,19,88,71,17,0.087859424,0.154952076,0.190647482,0.310961968,0.284172661,0.352,0.474820143,0.35072798579692077,0.338,122.50758583153389,3.1932302596978843,20.57716614790382,5.842082738876343,4.6856116762455375,"Alex Bregman",17678,608324
"Chris Taylor","LAD",140,568,21,85,72,17,0.088028169,0.25,0.208171206,0.360795454,0.287937743,0.353873239,0.496108949,0.3612611353607245,0.342,125.59030585189066,4.9666185532696545,23.64850822541445,2.7152544260025024,4.570068614886413,"Chris Taylor",13757,621035
"Jonathan Schoop","BAL",160,675,32,92,105,1,0.051851851,0.21037037,0.210610933,0.329670329,0.292604501,0.337777777,0.503215434,0.3548188797632853,0.33,120.23369311346906,-1.3207610226236284,15.53016589242069,7.5149078369140625,4.5107401420215325,"Jonathan Schoop",11265,570731
"Byron Buxton","MIN",140,511,16,69,51,29,0.074363992,0.293542074,0.16017316,0.338926174,0.253246753,0.314229249,0.413419913,0.31168585140553734,0.298,91.56102733157395,9.029438762459904,3.708903279044037,24.652249097824097,4.501146745699713,"Byron Buxton",14161,621439
"Avisaíl García","CHW",136,561,18,75,80,5,0.058823529,0.197860962,0.175675675,0.392307692,0.33011583,0.379679144,0.505791505,0.37527231185985127,0.365,138.07665515340457,1.99120684992522,28.346418938316315,-1.7373385429382324,4.491002111177881,"Avisail Garcia",5760,541645
"Freddie Freeman","ATL",117,514,28,84,71,8,0.126459143,0.184824902,0.279545455,0.335423197,0.306818181,0.402723735,0.586363636,0.4068695397377014,0.406,149.31155811938385,0.2097046971321106,32.786535713149114,-5.415132284164429,4.485331815206845,"Freddie Freeman",5361,518692
"J.T. Realmuto","MIA",141,579,17,68,65,8,0.062176165,0.183074265,0.172932331,0.317961165,0.278195488,0.331606217,0.451127819,0.3319237586726313,0.335,106.52799018696406,3.378996954765171,8.236969402526398,16.701420783996582,4.465896315587432,"J.T. Realmuto",11739,592663
"Justin Upton","- - -",152,635,35,100,109,14,0.116535433,0.283464566,0.267504489,0.341107871,0.272890484,0.360629921,0.540394973,0.37797256247906746,0.361,137.33397177384882,3.144544645678252,32.39433674309271,-8.8553786277771,4.428508366457749,"Justin Upton",5222,457708
"José Abreu","CHW",156,675,33,95,102,3,0.051851851,0.176296296,0.247987117,0.329809725,0.304347826,0.354074074,0.552334943,0.37723743612634403,0.364,139.42074205878978,-1.6534612090326846,31.17673146238272,-9.028332471847534,4.421497249685494,"Jose Abreu",15676,547989
"Anthony Rizzo","CHC",157,691,32,99,109,10,0.131693198,0.13024602,0.234265734,0.273127753,0.272727272,0.392185238,0.506993006,0.379776445907705,0.395,133.86187466010583,-3.3139232671819627,26.7597194530928,-6.181127548217773,4.415733849962179,"Anthony Rizzo",3473,519203
"Marwin Gonzalez","HOU",134,515,23,67,90,8,0.095145631,0.192233009,0.226373626,0.343283582,0.303296703,0.376953125,0.529670329,0.3818143924155573,0.32,143.76976898403285,-0.872677793726325,26.938946053655222,0.3279602527618408,4.405378907215228,"Marwin Gonzalez",5497,503556
"George Springer","HOU",140,629,34,112,85,5,0.101748807,0.176470588,0.239051095,0.297297297,0.282846715,0.366826156,0.52189781,0.375894498520385,0.384,139.72073656331378,-2.9489038744941354,27.876785810487654,-4.825952053070068,4.360219107362139,"George Springer",12856,543807
"Zack Cozart","CIN",122,507,24,80,63,3,0.122287968,0.153846153,0.251141553,0.311764705,0.296803652,0.384615384,0.547945205,0.3921849477220569,0.33,139.45099745425836,-0.24846716411411762,25.459215963595412,-0.8284487724304199,4.18858134065229,"Zack Cozart",2616,446359
"Elvis Andrus","TEX",158,689,20,100,88,25,0.055152394,0.146589259,0.174183514,0.325095057,0.297045101,0.337209302,0.471228615,0.3435370410077794,0.309,105.22630369006434,2.8876172099262476,7.330437304332337,11.521904945373535,4.1394375055265735,"Elvis Andrus",8709,462101
"Gary Sánchez","NYY",122,525,33,79,90,2,0.076190476,0.228571428,0.252653928,0.304347826,0.278131634,0.344761904,0.530785562,0.3675815188930235,0.385,130.99810793942743,-3.3388878130353987,16.739986123942714,7.226086378097534,4.109705083016405,"Gary Sanchez",11442,596142
"Ender Inciarte","ATL",158,718,11,93,57,22,0.068245125,0.13091922,0.105740181,0.338680926,0.303625377,0.349650349,0.409365558,0.3275270708156436,0.292,97.21717320886918,2.6347461622208357,0.0666717079495065,16.088664770126343,4.068014624958236,"Ender Inciarte",4922,542255
"Christian Yelich","MIA",156,695,18,100,81,16,0.115107913,0.197122302,0.156146179,0.335540838,0.282392026,0.36887608,0.438538205,0.3478894819384036,0.363,117.01070574247503,5.2416184935718775,20.43673825547726,-3.937361001968384,4.023449383673976,"Christian Yelich",11477,592885
"Cody Bellinger","LAD",132,548,39,87,97,10,0.116788321,0.266423357,0.314583334,0.298657718,0.266666666,0.352189781,0.58125,0.37990497450962246,0.365,137.83140883277358,2.1068030199967325,28.752682781447408,-7.835661560297012,3.9594462248843367,"Cody Bellinger",15998,641355
"Eugenio Suárez","CIN",156,632,26,87,82,4,0.132911392,0.232594936,0.200374532,0.308743169,0.260299625,0.367088607,0.460674157,0.35626159171483784,0.352,115.86457317805012,-0.7147325901314616,12.171989455464342,5.772633790969849,3.951428604384997,"Eugenio Suarez",12552,553993
"Jed Lowrie","OAK",153,645,14,86,69,0,0.113178294,0.155038759,0.171075838,0.313596491,0.276895943,0.359689922,0.447971781,0.3470850347731013,0.365,120.10523380565672,-3.141627049073577,12.858141712280691,5.289133816957474,3.9247396951061595,"Jed Lowrie",4418,476704
"Brett Gardner","NYY",151,682,21,96,63,23,0.105571847,0.17888563,0.163299663,0.299559471,0.264309764,0.350073855,0.427609427,0.33635537059218795,0.333,109.64034560734031,5.830106373876333,13.941992431671014,1.787022590637207,3.80559108692055,"Brett Gardner",9927,458731
"Josh Reddick","HOU",134,540,13,77,82,7,0.079629629,0.133333333,0.169811321,0.33910891,0.314465408,0.362781954,0.484276729,0.35731952877367956,0.34,127.01600636880474,3.1910247658379376,21.190497083782923,-1.23040771484375,3.7602735134853145,"Josh Reddick",3892,502210
"Steven Souza Jr.","TBR",148,617,30,78,78,16,0.136142625,0.290113452,0.219885277,0.301587301,0.239005736,0.351219512,0.458891013,0.3480919054048485,0.35,120.88141675563482,1.569425302091986,17.46550343212577,-0.13570690155029297,3.7514084274670703,"Steven Souza Jr.",5667,519306
"Eric Hosmer","KCR",162,671,25,98,94,6,0.098360655,0.154992548,0.179104477,0.350840336,0.31840796,0.384500745,0.497512437,0.37613082387133273,0.352,134.65377625651084,1.3449396034702659,30.034107403597456,-15.181814908981323,3.682202720131822,"Eric Hosmer",3516,543333
"Daniel Murphy","WSN",144,593,23,94,93,2,0.087689713,0.129848229,0.220973783,0.340961098,0.322097378,0.384485666,0.543071161,0.38462538422698184,0.359,134.6721335620629,-1.7210698327980936,24.704980085572206,-8.443960189819336,3.650237201016484,"Daniel Murphy",4316,502517
"Andrew McCutchen","PIT",156,650,28,94,88,11,0.112307692,0.178461538,0.207017544,0.305361305,0.278947368,0.363076923,0.485964912,0.36017110976137856,0.362,122.36359320916162,0.000948901753872633,18.684177656054366,-4.712159514427185,3.6177237334890173,"Andrew McCutchen",9847,457705
"Kyle Seager","SEA",154,650,27,72,88,2,0.089230769,0.169230769,0.200692041,0.261744966,0.249134948,0.323076923,0.449826989,0.32647630016996254,0.344,106.44255989074335,-0.5345093258656561,4.632231590173756,9.505168676376343,3.5420741664235154,"Kyle Seager",9785,572122
"Jean Segura","SEA",125,566,11,80,45,22,0.060070671,0.146643109,0.127862596,0.338747099,0.29961832,0.348672566,0.427480916,0.3338199305576786,0.315,111.4653859839422,2.3373902975581586,10.344024262338683,6.534488022327423,3.5389760843872877,"Jean Segura",5933,516416
"Nelson Cruz","SEA",155,645,39,91,119,1,0.108527131,0.217054263,0.260791367,0.315104166,0.287769784,0.375193798,0.548561151,0.38491614961698883,0.405,146.41368931688342,-5.679113041609526,31.25695562636767,-17.067819356918335,3.5307999747954533,"Nelson Cruz",2434,443558
"Ryan Zimmerman","WSN",144,576,36,90,108,1,0.076388888,0.21875,0.269083969,0.335149863,0.303435114,0.357638888,0.572519083,0.3874856169327446,0.378,136.55009457754403,1.4268030263483524,28.485568544845123,-13.163002729415894,3.4985879388783165,"Ryan Zimmerman",4220,475582
"Justin Smoak","TOR",158,637,38,85,90,0,0.114599686,0.200941915,0.258928571,0.285353535,0.269642857,0.354788069,0.528571428,0.3710394076744465,0.39,133.3415950858985,-3.3046604064293206,22.89952530989842,-8.90311574935913,3.485341289988572,"Justin Smoak",9054,475253
"DJ LeMahieu","COL",155,682,8,95,64,6,0.086510263,0.131964809,0.098522168,0.350775193,0.310344827,0.374079528,0.408866995,0.34174231776094016,0.341,94.48249909097458,-2.285698990803212,-7.122116433123283,17.61912989616394,3.381512409129579,"DJ LeMahieu",9874,518934
"Whit Merrifield","KCR",145,630,19,80,78,34,0.046031746,0.139682539,0.172061329,0.308008213,0.287904599,0.324324324,0.459965928,0.3322406490770167,0.327,104.63419417614008,5.296391054522246,8.898523191516679,3.7744243144989014,3.3306291403563937,"Whit Merrifield",11281,593160
"Xander Bogaerts","BOS",148,635,10,94,62,15,0.088188976,0.182677165,0.129597198,0.326621923,0.273204903,0.343307086,0.402802101,0.3214731288448995,0.287,94.68750872047538,8.161364385858178,3.999223095703041,7.709053874015808,3.251042159311168,"Xander Bogaerts",12161,593428
"Domingo Santana","MIL",151,607,30,88,85,15,0.120263591,0.293245469,0.226666666,0.3625,0.278095238,0.370675453,0.504761904,0.37179822675452745,0.355,127.32917742089927,0.9514027629047632,22.272632114978975,-10.695552825927734,3.232030138930001,"Domingo Santana",10348,570267
"Javier Báez","CHC",145,508,23,75,75,10,0.059055118,0.283464566,0.206823028,0.345394736,0.272921108,0.316733067,0.479744136,0.32564273042110936,0.291,98.3189598818262,2.9160997099243104,1.8185131483910029,12.1796555519104,3.1337824645427323,"Javier Baez",12979,595879
"Todd Frazier","- - -",147,576,27,74,76,4,0.144097222,0.217013888,0.215189874,0.226299694,0.213080168,0.34375,0.428270042,0.33451137112823515,0.355,109.4399969830219,-0.9970144736580551,5.711698361059539,5.8098704516887665,3.038664875246519,"Todd Frazier",785,453943
"Khris Davis","OAK",153,652,43,91,110,4,0.11196319,0.299079754,0.280918728,0.289552238,0.247349823,0.33588957,0.528268551,0.3610332964385893,0.387,129.64543244710373,-1.5069830594584346,22.340922825537337,-13.9189133644104,2.9798106798511648,"Khris Davis",9112,501981
"Logan Morrison","TBR",149,601,38,75,85,2,0.134775374,0.247920133,0.26953125,0.268292682,0.24609375,0.352745424,0.515625,0.36269916832748594,0.368,130.872352775613,0.4513160935603082,23.343596856795923,-13.427719354629517,2.960972522723102,"Logan Morrison",9205,489149
"Robinson Canó","SEA",150,648,23,79,97,1,0.075617283,0.131172839,0.172297297,0.293634496,0.280405405,0.337962962,0.452702702,0.33427456924691795,0.355,111.7763454073779,-1.315261494833976,8.099957036269814,-0.0351252555847168,2.9311234021936343,"Robinson Cano",3269,429664
"Carlos Santana","CLE",154,667,23,90,79,5,0.131934032,0.140929535,0.196147111,0.274122807,0.259194395,0.36281859,0.455341506,0.3501694788550465,0.359,114.6710674216246,-0.40116944862529635,11.672308973963066,-4.35318660736084,2.9193140785993124,"Carlos Santana",2396,467793
"Joe Mauer","MIN",141,597,7,69,71,2,0.110552763,0.139028475,0.112380953,0.349315068,0.304761904,0.383584589,0.417142857,0.34897212307862563,0.368,117.06373490124705,-2.231792056001723,10.336992731303182,-1.5775489807128906,2.8327380910990705,"Joe Mauer",1857,408045
"César Hernández","PHI",128,577,9,85,34,15,0.105719237,0.180242634,0.127201565,0.353383458,0.293542074,0.372616984,0.420743639,0.34582478118439514,0.331,110.95236607419163,0.8631978933699429,8.985530228312792,-0.8443217277526855,2.787278994365706,"Cesar Hernandez",10556,514917
"Tim Beckham","- - -",137,575,22,67,62,6,0.062608695,0.290434782,0.176360226,0.365217391,0.277673545,0.327526132,0.454033771,0.33385409710714625,0.327,109.01655881838113,-1.015337894205004,5.381325947816196,3.339927613735199,2.7566746593940916,"Tim Beckham",7949,542921
"Jay Bruce","- - -",146,617,36,82,101,1,0.092382495,0.22528363,0.254054054,0.274151436,0.254054054,0.324149108,0.508108108,0.3499714573739607,0.354,118.03892699105228,-1.233589086215943,12.988744183518488,-6.378454893827438,2.7480181433091415,"Jay Bruce",9892,457803
"Josh Harrison","PIT",128,542,16,66,47,12,0.051660516,0.16605166,0.160493827,0.302872062,0.271604938,0.338888888,0.432098765,0.33197717318747566,0.311,103.85212256830773,3.2137035042978823,5.897171218398822,3.0286368131637573,2.745444631598445,"Josh Harrison",8202,543281
"Adam Duvall","CIN",157,647,31,78,99,5,0.060278207,0.262751159,0.231686542,0.289672544,0.248722316,0.301391035,0.480408858,0.3265219186850746,0.301,96.33820860969689,0.601603243034333,-2.443449859020882,7.673892498016357,2.7374262808832306,"Adam Duvall",10950,594807
"Odúbel Herrera","PHI",138,563,14,67,56,8,0.055062166,0.223801065,0.171102661,0.345360824,0.281368821,0.325044404,0.452471482,0.32871316807854367,0.308,99.71728640391163,0.35053006932139397,0.1459552951718881,7.8073484897613525,2.7206083758782356,"Odubel Herrera",11476,546318
"Matt Carpenter","STL",145,622,23,91,69,2,0.175241157,0.20096463,0.209255533,0.274011299,0.241448692,0.383870967,0.450704225,0.3607363197710607,0.379,124.34701332824882,-2.6580927101895213,16.80595089648685,-11.243996620178223,2.68476132683613,"Matt Carpenter",8090,572761
"Jake Lamb","ARI",149,635,30,89,105,6,0.137007874,0.239370078,0.23880597,0.286908077,0.248134328,0.357480314,0.486940298,0.35273332774064164,0.353,110.85821309621888,-0.8598911203444004,8.002054415510617,-2.914334774017334,2.6821051719419517,"Jake Lamb",13329,571875
"Edwin Encarnación","CLE",157,669,38,96,107,2,0.155455904,0.198804185,0.245487365,0.270618556,0.258122743,0.377245508,0.503610108,0.3729876668205089,0.389,130.27803343997903,-5.703104982152581,19.288758824434744,-15.205248713493347,2.6038542551143435,"Edwin Encarnacion",2151,429665
"Yasiel Puig","LAD",152,570,28,72,74,15,0.112280701,0.175438596,0.224448897,0.27393617,0.26252505,0.345614035,0.486973947,0.3485221981578026,0.359,117.22622155988553,-2.5760864899493754,10.043986743867755,-3.5701143741607666,2.5973503156593396,"Yasiel Puig",14225,624577
"Mike Moustakas","KCR",148,598,38,75,85,0,0.056856187,0.157190635,0.248648648,0.263403263,0.272072072,0.31438127,0.52072072,0.3446868228428255,0.338,113.14700909884664,-2.1159039051271975,7.584124609559742,-1.396585889160633,2.5800500613936515,"Mike Moustakas",4892,519058
"Didi Gregorius","NYY",136,570,25,73,87,3,0.043859649,0.122807017,0.191011236,0.286995515,0.286516853,0.318101933,0.477528089,0.3346988526238522,0.294,108.50733628689201,2.340580627322197,8.323502332235318,-1.4469456672668457,2.556655151602019,"Didi Gregorius",6012,544369
"Dee Strange-Gordon","MIA",158,695,2,114,33,60,0.035971223,0.133812949,0.067381317,0.354092526,0.307810107,0.341040462,0.375191424,0.31236551770929655,0.274,93.68651264336194,7.870270163286477,2.2306336924816783,-0.7521870136260986,2.5284688382696303,"Dee Strange-Gordon",8203,543829
"Yadier Molina","STL",136,543,18,60,82,9,0.051565377,0.136279926,0.165668663,0.284688995,0.273453093,0.311808118,0.439121756,0.31553494066110777,0.33,94.66885894470977,-1.659977173898369,-5.380611546074045,12.00290447473526,2.5196102170559733,"Yadier Molina",7007,425877
"Ian Kinsler","DET",139,613,22,90,52,14,0.089722675,0.140293637,0.176043557,0.243792325,0.235934664,0.313213703,0.411978221,0.3125017469721418,0.328,91.9273522991701,1.4991851430386305,-4.606316293771786,9.496386051177979,2.500187409123677,"Ian Kinsler",6195,435079
"Eddie Rosario","MIN",151,589,27,79,78,9,0.05942275,0.179966044,0.217712177,0.311750599,0.289667896,0.328205128,0.507380073,0.3494315684249956,0.332,117.37798193606596,0.6987295025028288,13.327454311329712,-7.6660120487213135,2.498127595611741,"Eddie Rosario",12155,592696
"Joey Gallo","TEX",145,532,41,85,80,7,0.140977443,0.368421052,0.327394209,0.25,0.20935412,0.332706766,0.536748329,0.36370359032841054,0.377,119.01962726295048,0.9332817913964391,13.41741796961649,-6.453402042388916,2.4405426265351657,"Joey Gallo",14128,608336
"Eric Thames","MIL",138,551,31,83,63,4,0.136116152,0.295825771,0.270788913,0.309090909,0.247334754,0.359346642,0.518123667,0.36887546260278303,0.342,125.4101597397984,-1.3423960115760565,16.652775273952507,-11.142213582992554,2.436374431863679,"Eric Thames",3711,519346
"Manuel Margot","SDP",126,529,13,53,39,17,0.06616257,0.200378071,0.145790554,0.309139784,0.262833675,0.3125,0.408624229,0.30943672505743575,0.3,90.14537693228215,3.2566975778900087,-3.4435782302497255,9.059128522872925,2.3714435318121816,"Manuel Margot",14712,622534
"Evan Longoria","TBR",156,677,20,71,86,6,0.067946824,0.161004431,0.163132137,0.282258064,0.261011419,0.313146233,0.424143556,0.3124846944292504,0.31,96.52713706674474,1.3816028176806867,-1.5192198141827413,2.9880306124687195,2.3698996729439785,"Evan Longoria",9368,446334
"Jackie Bradley Jr.","BOS",133,541,17,58,63,8,0.088724584,0.229205175,0.157676348,0.294460641,0.244813278,0.323475046,0.402489626,0.3128077323432297,0.316,88.76063367930965,3.3301578257232904,-4.171961279326143,10.071427583694458,2.364153665912639,"Jackie Bradley Jr.",12984,598265
"Corey Dickerson","TBR",150,629,27,84,62,4,0.055643879,0.241653418,0.207482993,0.338199513,0.282312925,0.324840764,0.489795918,0.3408550485920676,0.314,115.93162063125705,1.450982286594808,13.81488175696789,-11.293692469596863,2.3169755856473793,"Corey Dickerson",10762,572816
"Matt Joyce","OAK",141,544,25,78,68,4,0.121323529,0.207720588,0.230277185,0.263313609,0.243070362,0.334558823,0.473347547,0.3427113844629596,0.356,117.11378628713054,-0.8527581784874201,10.633798700872887,-6.571530044078827,2.1911578033903836,"Matt Joyce",3353,459964
"Yonder Alonso","- - -",142,521,28,72,67,2,0.130518234,0.226487523,0.235033259,0.301639344,0.266075388,0.364683301,0.501108647,0.36567414663370373,0.362,133.01547800489584,-4.111226276494563,17.11145130339113,-12.444496631622314,2.1757929269486818,"Yonder Alonso",2530,475174
"Yolmer Sánchez","CHW",141,534,12,63,59,8,0.065543071,0.207865168,0.146694215,0.320547945,0.266528925,0.318785578,0.41322314,0.3128499836013431,0.285,95.38162795003122,0.7507573044858873,-2.2920541093596984,6.119890928268433,2.1349790355176737,"Yolmer Sanchez",11602,570560
"Orlando Arcia","MIL",153,548,15,56,53,14,0.06569343,0.182481751,0.130434783,0.317258883,0.276679841,0.324175824,0.407114624,0.30932911259280016,0.278,86.31343739701926,0.9497586330398917,-8.690128241874973,10.811142921447754,2.0887456067503694,"Orlando Arcia",13185,606115
"Nick Castellanos","DET",157,665,26,73,101,4,0.061654135,0.213533834,0.218241043,0.31263858,0.27198697,0.320300751,0.490228013,0.3408506049249405,0.373,111.31713309149958,0.4714895491488278,9.756939042192949,-11.069945633411407,2.0536192363416266,"Nick Castellanos",11737,592206
"Yuli Gurriel","HOU",139,564,18,69,75,3,0.039007092,0.109929078,0.187145558,0.307692307,0.298676748,0.331560283,0.485822306,0.344484387240232,0.326,118.23714899167706,-0.6222216729074717,12.068342033642704,-10.969504475593567,1.9619110764377057,"Yuli Gurriel",19198,493329
"Joe Panik","SFG",138,573,10,60,53,4,0.080279232,0.094240837,0.133072407,0.301098901,0.287671232,0.347368421,0.420743639,0.328538092096787,0.307,103.99262554454647,-1.3225616575218737,1.6178639327128295,-1.7950317859649658,1.9456747031959252,"Joe Panik",11936,605412
"Jordy Mercer","PIT",145,558,14,52,58,0,0.091397849,0.157706093,0.151394422,0.283582089,0.254980079,0.326164874,0.406374501,0.30838441750325196,0.299,88.36167826513082,-1.5878110574558377,-9.934640676904774,10.160947322845459,1.9344356183475395,"Jordy Mercer",6547,474568
"Trevor Story","COL",145,555,24,68,82,7,0.088288288,0.344144144,0.218687873,0.33217993,0.238568588,0.308108108,0.457256461,0.32252225393392214,0.299,81.86306064127217,1.571844993159175,-11.365762606827131,11.386116027832031,1.9036587187231961,"Trevor Story",12564,596115
"Trey Mancini","BAL",147,586,24,65,78,1,0.056313993,0.237201365,0.195211786,0.3515625,0.292817679,0.337883959,0.488029465,0.34927153994894433,0.338,116.43947667061533,0.24417870258912444,12.130034793471511,-12.408332824707031,1.8971120966238293,"Trey Mancini",15149,641820
"Chase Headley","NYY",147,586,12,77,61,9,0.102389078,0.225255972,0.1328125,0.341333333,0.2734375,0.352136752,0.40625,0.3290601001595551,0.316,104.65059629380409,-0.655555663164705,2.7068578365149802,-3.1872189193964005,1.8770014696786923,"Chase Headley",4720,452104
"Jorge Polanco","MIN",133,544,13,60,74,13,0.075367647,0.143382352,0.153688525,0.277915632,0.25614754,0.312849162,0.409836065,0.3092943138595837,0.291,89.92528634864352,2.0892350957728922,-4.67278526944561,5.560044031590223,1.875160202550878,"Jorge Polanco",13152,593871
"Billy Hamilton","CIN",139,633,4,85,38,59,0.069510268,0.210110584,0.087628866,0.313199105,0.24742268,0.299363057,0.335051546,0.27805469180368314,0.262,64.51577597044088,10.657826891168952,-18.21145713243736,14.862850427627563,1.8356144632233895,"Billy Hamilton",10199,571740
"David Freese","PIT",130,503,10,44,52,0,0.115308151,0.230616302,0.10798122,0.335526315,0.262910798,0.36779324,0.370892018,0.3262550936166541,0.341,100.09514071860252,-3.733326851390302,-3.6718188800799667,4.617895841598511,1.8176217152854988,"David Freese",9549,501896
"Brandon Crawford","SFG",144,570,14,58,77,3,0.07368421,0.198245614,0.150579151,0.2925,0.252895752,0.305263157,0.403474903,0.30123539429282803,0.302,86.06632116029398,-1.9361439114436507,-12.144072955097865,10.558772087097168,1.7952490648389037,"Brandon Crawford",5343,543063
"Andrew Benintendi","BOS",151,658,20,84,90,20,0.106382978,0.170212765,0.153577661,0.300668151,0.270506108,0.351598173,0.424083769,0.33209350301669194,0.338,101.9515306950623,1.3639702000655234,2.948302016001162,-6.651866793632507,1.7927027507449051,"Andrew Benintendi",17901,643217
"Max Kepler","MIN",147,568,19,67,69,6,0.082746478,0.200704225,0.181996086,0.275590551,0.242661448,0.312169312,0.424657534,0.3148944781944815,0.302,93.75563320196252,1.3371205488219857,-3.0389226951235244,2.2701754570007324,1.7891755464899926,"Max Kepler",12144,596146
"Manny Machado","BAL",156,690,33,81,95,9,0.072463768,0.166666666,0.212698413,0.264765784,0.258730158,0.310144927,0.471428571,0.32751592729115936,0.36,101.55928075091927,-4.382585354149342,-3.0551350485673634,-2.2321813106536865,1.7401865949106214,"Manny Machado",11493,592518
"Freddy Galvis","PHI",162,663,12,71,61,14,0.067873303,0.167420814,0.126644737,0.292433537,0.25493421,0.308623298,0.381578947,0.2976838662338546,0.286,79.34418211609703,0.46416668919846416,-17.137464424513347,11.551910400390625,1.7157699146889358,"Freddy Galvis",6609,520471
"David Peralta","ARI",140,577,14,82,57,8,0.074523396,0.162911611,0.15047619,0.333333333,0.293333333,0.351819757,0.443809523,0.3419102918770578,0.316,103.75206422238294,-0.00010871794074773788,2.7824418606101506,-6.0923634469509125,1.6475881730993738,"David Peralta",2136,444482
"Scott Schebler","CIN",141,531,30,63,67,5,0.073446327,0.235404896,0.251585624,0.247678018,0.232558139,0.306967984,0.484143763,0.32974700012134506,0.348,98.45572065578502,1.4764694985933602,0.4225258904971563,-2.2220311164855957,1.640301790394097,"Scott Schebler",12225,594988
"Wil Myers","SDP",155,649,30,80,74,20,0.107858243,0.277349768,0.220458554,0.296703296,0.243386243,0.328197226,0.463844797,0.3350717165152724,0.33,106.97670484941779,2.407371686771512,8.226956984009306,-15.249115943908691,1.5248205421729957,"Wil Myers",10047,571976
"Curtis Granderson","- - -",147,527,26,74,64,6,0.134724857,0.233396584,0.240534521,0.227722772,0.211581291,0.322580645,0.452115812,0.3299668086142767,0.34,106.02083571290741,0.8124057310633361,4.890566879886408,-7.7283326387405396,1.5232618973163226,"Curtis Granderson",4747,434158
"Adam Jones","BAL",147,635,26,82,73,2,0.042519685,0.177952755,0.180904523,0.312364425,0.284757118,0.321766561,0.465661641,0.33400149697564413,0.317,105.99521868905137,0.6029092241078615,5.299942298850754,-11.2138090133667,1.4971719949216256,"Adam Jones",6368,430945
"Yangervis Solarte","SDP",128,512,18,49,64,3,0.072265625,0.119140625,0.160944206,0.25831202,0.255364806,0.314453125,0.416309012,0.31127732053516416,0.295,91.35386830624643,0.3521632319316268,-5.337529299128581,2.7155203819274902,1.4933399322924306,"Yangervis Solarte",5352,500208
"José Reyes","NYM",145,561,15,75,58,24,0.089126559,0.140819964,0.16766467,0.263414634,0.245508982,0.314748201,0.413173652,0.3124253939937901,0.29,94.78439136404775,3.778233257587999,0.01756652975313422,-4.614804267883301,1.4646442581524581,"Jose Reyes",1736,408314
"Asdrúbal Cabrera","NYM",135,540,14,66,59,3,0.092592592,0.153703703,0.154488517,0.310077519,0.279749478,0.35064935,0.434237995,0.33803799892446806,0.331,111.60102081794598,-6.409372550435364,1.6423157997312732,-5.693886756896973,1.446998877728536,"Asdrubal Cabrera",4962,452678
"Kole Calhoun","LAA",155,654,19,77,71,5,0.108562691,0.204892966,0.147627417,0.284360189,0.244288224,0.333333333,0.391915641,0.3147031139410459,0.327,96.91438947143442,-1.5824049776419997,-4.072200717529222,-5.517301917076111,1.1937573607125604,"Kole Calhoun",11200,594777
"Kevin Pillar","TOR",154,632,16,72,42,15,0.052215189,0.150316455,0.148211244,0.279749478,0.255536626,0.300476947,0.40374787,0.302361269728747,0.311,86.36777899038933,1.024234504904598,-9.605650348595612,0.3401397466659546,1.1537406554512986,"Kevin Pillar",12434,607680
"Ben Gamel","SEA",134,550,11,68,59,4,0.065454545,0.221818181,0.137524558,0.340369393,0.275049115,0.322404371,0.412573673,0.3153689075125395,0.297,98.8454316691989,3.3734179553575814,2.5899392557884324,-11.17677354812622,0.9519448976264332,"Ben Gamel",12160,592325
"Mitch Moreland","BOS",149,576,22,73,79,0,0.098958333,0.208333333,0.196850393,0.277628032,0.246062992,0.326388888,0.442913385,0.32564870945194313,0.371,97.54348241740821,-0.9385227905586362,-2.684293585261519,-7.428969621658325,0.8854259123374975,"Mitch Moreland",3086,519048
"Josh Bell","PIT",159,620,26,75,90,2,0.106451612,0.188709677,0.21129326,0.27804878,0.255009107,0.333870967,0.466302367,0.3383136396477749,0.333,108.01249629047743,-3.564561744686216,2.820373862071504,-15.517422199249268,0.8606540949426729,"Josh Bell",13145,605137
"Mark Reynolds","COL",148,593,30,82,97,2,0.116357504,0.295109612,0.219230769,0.342767295,0.267307692,0.352445193,0.486538461,0.3574858600333408,0.319,104.81933587127537,-3.5855594519525766,0.08759236259465908,-13.7524733543396,0.6718172284216437,"Mark Reynolds",7619,448602
"Nick Markakis","ATL",160,670,8,76,76,0,0.101492537,0.164179104,0.109612142,0.324267782,0.274873524,0.353731343,0.384485666,0.32051063088131815,0.32,92.61034501703006,-0.3787725227884948,-6.742271159889185,-10.112541913986206,0.6181646405114501,"Nick Markakis",5930,455976
"Brandon Phillips","- - -",144,604,13,81,60,11,0.034768211,0.120860927,0.131118882,0.308008213,0.284965034,0.318936877,0.416083916,0.3155442589332974,0.3,90.5601565403498,-2.1215171911753714,-9.296033253466764,-5.357875317335129,0.5961935833786498,"Brandon Phillips",791,408252
"Tim Anderson","CHW",146,606,17,72,56,15,0.021452145,0.267326732,0.144804089,0.327628361,0.257240204,0.276490066,0.402044293,0.2884987399278098,0.274,78.72609714746508,2.3368514589965343,-13.569283365263228,-0.7298917770385742,0.5673565437949725,"Tim Anderson",15172,641313
"Alcides Escobar","KCR",162,629,6,71,54,4,0.023847376,0.162162162,0.106844741,0.29090909,0.250417362,0.27170418,0.357262103,0.2687395215994302,0.272,61.201300198320524,0.26638908544555306,-29.843744405179656,13.876684665679932,0.47690499372264683,"Alcides Escobar",6310,444876
"Denard Span","SFG",129,542,12,73,43,12,0.073800738,0.127306273,0.154929578,0.294964028,0.271629778,0.329020332,0.426559356,0.32509101726211154,0.327,101.7293578936578,-0.7108034892007709,0.49390274521040567,-15.392130494117737,0.3743218953733214,"Denard Span",8347,452655
"Shin-Soo Choo","TEX",149,636,22,96,78,12,0.121069182,0.210691823,0.161764706,0.305343511,0.261029411,0.357030015,0.422794117,0.3390333238470403,0.367,102.14589429075866,0.6659376691095531,2.3498144304081023,-19.962268829345703,0.3361372456609317,"Shin-Soo Choo",3174,425783
"Nomar Mazara","TEX",148,616,20,64,101,2,0.089285714,0.206168831,0.16967509,0.292682926,0.252707581,0.323051948,0.422382671,0.31747711007712315,0.318,87.40208131574515,-2.345883398782462,-11.920565786016848,-6.735030651092529,0.16662379835800256,"Nomar Mazara",14553,608577
"Hunter Pence","SFG",134,539,13,55,67,2,0.074211502,0.189239332,0.125760649,0.30104712,0.259634888,0.315398886,0.385395537,0.3030226231729231,0.319,87.23977329088399,0.7802525097504258,-8.059582238815267,-9.308114290237427,0.11826523012856183,"Hunter Pence",8252,452254
"Melky Cabrera","- - -",156,666,17,78,85,1,0.054054054,0.111111111,0.137096775,0.29906542,0.28548387,0.32379518,0.422580645,0.3192171614454163,0.331,98.33721589071249,-3.752707290928811,-5.119035258478632,-16.409101486206055,0.04496288054638564,"Melky Cabrera",4022,466320
"Carlos González","COL",136,534,14,72,57,3,0.104868913,0.222846441,0.161702128,0.317784256,0.261702127,0.33895131,0.423404255,0.3268101784469044,0.303,84.6784102652669,-1.5121265752241015,-12.027920743794015,-5.952717363834381,0.04012947529164057,"Carlos Gonzalez",7287,471865
"Ryon Healy","OAK",149,605,25,66,78,0,0.038016528,0.234710743,0.180555555,0.318734793,0.270833333,0.302479338,0.451388888,0.31980095648568524,0.313,101.44373082749087,-1.2980211055837572,-0.22034943108688898,-19.3553409576416,0.038918825838681004,"Ryon Healy",15447,592387
"Maikel Franco","PHI",154,623,24,66,76,0,0.065810593,0.152487961,0.179130435,0.234273318,0.229565217,0.280898876,0.408695652,0.29187327815640357,0.303,75.5290876783308,-2.616154813207686,-22.21070049274953,0.5710519552230835,-0.019092446135874047,"Maikel Franco",12179,596748
"José Peraza","CIN",143,518,5,50,37,23,0.038610038,0.135135135,0.065708419,0.292978208,0.258726899,0.297087378,0.324435318,0.27257366959686874,0.301,60.91706667359055,2.2764738192781806,-23.74392221063469,5.439877510070801,-0.046879901455124606,"Jose Peraza",13593,606299
"Hanley Ramirez","BOS",133,553,23,58,62,1,0.092224231,0.209764918,0.1875,0.271708683,0.241935483,0.320072332,0.429435483,0.3178728249094902,0.347,92.22500726064301,-3.3100256314501166,-8.614837504046776,-12.642830342054367,-0.29928475575538116,"Hanley Ramirez",8001,434670
"Kendrys Morales","TOR",150,608,28,67,85,0,0.070723684,0.217105263,0.195691203,0.2775,0.249551166,0.307565789,0.445242369,0.31957157295529204,0.354,98.13911762730557,-7.082135489210486,-8.478077458971427,-14.775107562541962,-0.31723534215491656,"Kendrys Morales",8610,434778
"Chris Davis","BAL",128,524,26,65,61,1,0.116412213,0.372137404,0.208333334,0.30125523,0.21491228,0.309160305,0.423245614,0.312064691231801,0.329,90.99109205491153,-2.7385681997984648,-8.562929394229862,-12.718939065933228,-0.39694846652063465,"Chris Davis",9272,448801
"Miguel Cabrera","DET",130,529,16,50,60,0,0.102079395,0.207939508,0.149253732,0.291907514,0.24946695,0.328922495,0.398720682,0.3125703251612574,0.37,91.9742577532205,-6.136053557507694,-11.374297788803917,-10.175960421562195,-0.40723706261057535,"Miguel Cabrera",1744,408234
"Dansby Swanson","ATL",144,551,6,59,51,3,0.107078039,0.217785843,0.092213114,0.292349726,0.231557377,0.312159709,0.323770491,0.2757245323133557,0.295,63.20485399643159,-0.029250361490994692,-26.08713278295347,2.6419780254364014,-0.4454864857124554,"Dansby Swanson",18314,621020
"Tommy Joseph","PHI",142,533,22,51,69,1,0.061913696,0.242026266,0.191919192,0.279538904,0.24040404,0.288930581,0.432323232,0.3054310921439551,0.298,84.43082706214666,-0.9312443868257105,-11.59695368362563,-11.43785309791565,-0.4663205748937564,"Tommy Joseph",10349,571830
"Alex Gordon","KCR",148,541,9,52,45,7,0.083179297,0.232902033,0.107142857,0.260869565,0.207983193,0.293135435,0.31512605,0.2694075894889547,0.296,61.658238885368945,-0.46713570691645145,-26.05972254606905,2.7525634765625,-0.5426793371327566,"Alex Gordon",5209,460086
"Rougned Odor","TEX",162,651,30,79,75,15,0.049155145,0.248847926,0.192751236,0.224343675,0.20428336,0.251920122,0.397034596,0.2721161983515087,0.289,56.3765586522108,2.502552649471909,-32.53596907986885,5.178349733352661,-0.5844949639729999,"Rougned Odor",12282,596059
"José Bautista","TOR",157,686,23,92,65,6,0.122448979,0.247813411,0.163543441,0.239401496,0.202725724,0.307580174,0.366269165,0.29459667860327143,0.306,81.05702819698128,-2.163410742767155,-18.1964956306761,-13.015865325927734,-0.8531808168002115,"Jose Bautista",1887,430832
"Carlos Beltrán","HOU",129,509,14,60,51,0,0.064833005,0.200392927,0.152034261,0.263305322,0.231263383,0.282907662,0.383297644,0.2833842504401452,0.284,76.44646165931252,-2.0624126894399524,-16.85413701450245,-12.239317044615746,-1.2236780715984252,"Carlos Beltran",589,136860
"Mark Trumbo","BAL",146,603,23,79,65,1,0.069651741,0.247097844,0.162790697,0.278350515,0.234347048,0.288557213,0.397137745,0.29497008033059724,0.3,79.2988835484386,-1.9053759700618684,-17.30662502840771,-20.04277276992798,-1.7366052624691513,"Mark Trumbo",6876,444432
"Albert Pujols","LAA",149,636,23,53,101,3,0.0581761,0.146226415,0.145025295,0.249480249,0.241146711,0.286163522,0.386172006,0.2858988352698494,0.316,77.21311437084316,-5.125221693422645,-23.00602194465012,-16.223840415477753,-1.8153675618096539,"Albert Pujols",1177,405395